,City,Cloudiness,Country,Date,Humidity,Lat,Lng,Max Temp,Wind Speed
0,carnarvon,92,au,1537851814,32,-30.245611898852964,98.71302465157987,69.36,10.42
1,cabedelo,40,br,1537848000,88,-4.911709573885304,-24.63776561507933,75.2,6.93
2,atuona,92,pf,1537851814,100,-5.800532862290865,-149.0550241886771,78.36,0.36
3,cape town,75,za,1537848000,87,-53.12511289854786,2.53609886062506,57.2,11.41
4,bambous virieux,20,mu,1537848000,65,-40.72180765060844,81.4237011499614,77,12.75
5,ribeira grande,100,pt,1537851815,100,34.057253728773205,-38.53454648874998,70.8,6.73
6,butaritari,0,ki,1537851815,100,6.339580924837051,173.54577713314058,84.75,13.44
7,grand river south east,,mu,,,-18.568990168716198,71.27385114408926,,
8,chokurdakh,88,ru,1537851816,91,83.8440719918326,144.8247263358607,35.97,8.97
9,bluff,32,nz,1537851816,29,-64.05496963232483,163.21150022243398,82.32,7.74
10,ponta delgada,20,pt,1537849800,83,30.346325484506664,-27.096807946047363,69.8,11.41
11,kapaa,75,us,1537847760,90,20.2597728298592,-178.79344393076812,80.96,6.93
12,arraial do cabo,0,br,1537851817,95,-39.25581163911361,-22.00109099794463,70.62,11.1
13,aklavik,75,ca,1537848000,86,70.17830077444373,-136.7764337393138,30.2,9.17
14,tazovskiy,12,ru,1537851817,89,69.26059747508154,80.3179544222636,40.02,7.96
15,la ronge,75,ca,1537848000,81,61.75034238977241,-103.85997319165566,42.8,5.82
16,kajansi,75,ug,1537848000,88,0.21386613685585587,32.4606737025652,68,4.7
17,khatanga,8,ru,1537851818,96,88.62615828803004,106.20147258684716,35.97,18.03
18,thompson,20,ca,1537848000,86,63.032310916630735,-91.29761492413455,30.2,2.24
19,albany,90,au,1537851060,66,-42.04102558163607,121.58852819074139,53.96,8.05
20,tasiilaq,0,gl,1537851000,100,63.01386251627946,-34.25020198038905,32,1.12
21,the pas,75,ca,1537848000,94,53.47775595398636,-101.2399481414102,32,4.7
22,busselton,12,au,1537851820,99,-51.51724715493311,93.11037740122464,62.34,13.89
23,cayenne,40,gf,1537849800,100,8.838385357786663,-46.58766048991134,77,5.06
24,saldanha,0,za,1537851820,48,-38.608662652200366,7.562455904345484,51.36,9.42
25,nikolskoye,20,ru,1537849800,86,42.924707015632805,170.0152579516075,41,15.66
26,palabuhanratu,,id,,,-19.39117078463879,97.69820556765012,,
27,san bartolome de tirajana,,es,,,27.037676471714178,-16.029557415596827,,
28,punta arenas,0,cl,1537848000,100,-61.257758880725206,-94.34889404203743,32,4.7
29,leningradskiy,56,ru,1537851822,97,83.19442992947671,177.48825079402854,40.11,12.21
30,havelock,1,us,1537851240,100,34.96209130404783,-76.6641428836416,73.04,3.36
31,georgetown,0,sh,1537848000,100,-13.94519571286132,-17.54668470092264,75.2,4.83
32,henties bay,44,na,1537851823,100,-21.893461613376303,4.220687173037106,55.05,4.16
33,hithadhoo,48,mv,1537851823,100,-12.572762604906018,81.69114740331986,83.85,9.53
34,portland,1,au,1537851180,58,-42.09036938208426,139.85362333233275,64.04,6.93
35,qaanaaq,0,gl,1537851824,100,82.64375215546806,-78.48845090812088,9.42,7.29
36,nanyamba,40,tz,1537848000,100,-11.157720604214632,40.200323174789844,71.6,2.82
37,puerto ayora,76,ec,1537851824,100,-19.60296893696288,-106.65389782186855,69.36,11.21
38,ambilobe,0,mg,1537851825,41,-11.348062515660757,50.1146754236762,84.48,8.19
39,fortuna,20,us,1537849800,83,38.2922671295112,-142.5862539342166,75.2,6.93
40,tumannyy,,ru,,,76.84717228094561,36.334587432246195,,
41,ushuaia,75,ar,1537848000,69,-82.49710147095638,-65.47526653015767,35.6,11.41
42,komsomolskiy,36,ru,1537851826,97,68.23464392059347,172.83580882371245,48.57,11.99
43,rikitea,56,pf,1537851826,100,-49.97763964178499,-115.20072967989397,71.07,24.29
44,mataura,92,pf,1537851827,82,-38.321440482523286,-152.14652638254586,44.16,26.19
45,amderma,,ru,,,77.98608240752634,61.64833479788456,,
46,kashi,,cn,,,38.71335852824856,74.30695918935996,,
47,kalmunai,12,lk,1537851827,82,6.85346405471644,87.3495949844887,85.92,4.61
48,nuuk,92,gl,1537851000,93,60.04402866142857,-56.26031309876613,35.6,5.82
49,mahebourg,20,mu,1537848000,65,-31.142034424941116,65.98812435362888,77,12.75
50,mier,80,mx,1537849200,62,26.529846183748504,-99.24789024328656,53.6,4.7
51,lakes entrance,76,au,1537851636,87,-40.29796060444022,150.6119965077882,53.07,8.08
52,tuktoyaktuk,75,ca,1537848000,80,74.07515962599089,-128.40429274592978,30.2,9.17
53,gamba,0,ga,1537851829,50,-7.201801408712001,4.9361814193797215,46.95,2.26
54,atar,0,mr,1537851829,41,22.16469073142396,-11.082131294544212,68.82,3.38
55,george town,75,ky,1537849800,70,17.888628970743227,-82.88939999639395,86,6.93
56,sentyabrskiy,,ru,,,42.700228701946514,155.1369867731778,,
57,sarakhs,0,ir,1537848000,42,36.732817595402764,60.407374343033695,66.2,9.17
58,hebi,92,cn,1537851830,73,36.01774485197876,113.92974674222177,60.54,4.16
59,biala podlaska,76,pl,1537848000,86,51.922087880737024,23.147736157042175,41,15.66
60,pevek,68,ru,1537851831,100,86.71514918246945,168.33184484852467,36.51,7.85
61,narrabri,36,au,1537851831,72,-30.340900469349926,150.07565013841833,60.63,6.73
62,dikson,48,ru,1537851831,99,73.85473054680645,74.33376319351959,39.12,24.85
63,sioux lookout,90,ca,1537849140,93,51.86273917439462,-89.42872665260721,42.8,8.05
64,bestobe,20,kz,1537851832,57,52.10812360460423,73.37776713884725,63.87,10.98
65,port lincoln,80,au,1537851832,81,-43.599943400161266,129.31964958038822,59.82,13.11
66,katsuura,75,jp,1537848000,73,23.849330706415955,152.92857421480215,73.4,4.7
67,nizhneyansk,,ru,,,71.9828137509542,137.34771297352603,,
68,kondinskoye,0,ru,1537851833,84,59.88395863382905,67.46272866973422,63.96,3.94
69,north bend,1,us,1537851360,93,43.35851001003087,-133.35075352689606,53.96,6.93
70,berezovyy,68,ru,1537851834,47,51.5195119565731,135.00953719962178,48.75,3.38
71,senador jose porfirio,0,br,1537851834,88,-2.2589709974952115,-51.78542921509802,77.82,5.95
72,hilo,75,us,1537847580,87,5.114958797724299,-157.461658990771,80.96,5.82
73,clyde river,20,ca,1537848000,73,70.03622315070672,-69.60803789280075,19.4,8.05
74,cuiluan,92,cn,1537851835,55,48.52681175946705,128.4910624302018,56.85,5.73
75,sitka,0,us,1537851835,70,48.60101783925742,-140.15727855920272,66.84,11.65
76,santa cruz do rio pardo,44,br,1537851836,43,-22.777170098331922,-49.521915016331434,70.71,10.87
77,norman wells,75,ca,1537848000,100,62.905994606322025,-128.9164854079778,26.6,3.36
78,mount isa,0,au,1537849800,11,-19.089109598589516,139.90438638828243,89.6,6.93
79,rantepao,0,id,1537851836,55,-3.064099289389233,119.54625929285334,83.49,4.16
80,yulin,92,cn,1537851837,100,22.89559665343775,110.36423977327757,50.73,8.41
81,ust-kuyga,92,ru,1537851837,88,69.17750636638971,136.72066240640294,34.98,4.61
82,pahrump,1,us,1537851180,14,36.9442924019158,-116.28850287104149,87.98,9.17
83,labuan,75,my,1537849800,74,7.292311827260519,113.30312935257888,87.8,4.7
84,bathsheba,40,bb,1537848000,78,20.154275376507215,-45.086647006912216,82.4,19.46
85,geraldton,75,ca,1537848000,87,52.65542408810603,-87.85618552051876,55.4,18.34
86,saint-philippe,1,re,1537848900,81,-36.58362630140523,58.11827883883595,51.8,6.93
87,tilichiki,80,ru,1537851839,99,60.05547962367177,168.9442371447941,44.25,2.71
88,ust-koksa,88,ru,1537851839,92,49.980994101682,85.62504676176775,37.95,2.37
89,sisophon,0,kh,1537851673,83,13.564721783010299,103.33207238820557,87.63,7.63
90,havre-saint-pierre,40,ca,1537848000,79,50.20051987215081,-64.20986832508677,26.6,4.7
91,airai,32,pw,1537851840,38,16.240241644742568,147.003769007686,86.64,1.7
92,beringovskiy,64,ru,1537851840,96,58.19802543855042,175.19483158868297,45.78,3.94
93,mwense,0,zm,1537851840,35,-10.617596470655812,29.30669708475955,75.3,9.19
94,lompoc,1,us,1537850100,87,24.137071004222292,-135.7761586222212,60.08,3.36
95,yellowknife,5,ca,1537848000,92,81.47827758287306,-111.17203342247552,30.2,2.37
96,tautira,20,pf,1537849800,57,-17.513933889693618,-141.25893849120195,77,5.82
97,fairbanks,75,us,1537847760,83,64.50372365528736,-144.3983594411832,48.92,3.36
98,kudahuvadhoo,64,mv,1537851842,100,3.2004767928785753,64.14924789009964,82.68,12.77
99,vaini,32,to,1537851842,62,-41.40994271550092,-169.0158475785958,85.2,3.49
100,narsaq,0,gl,1537851000,43,82.30033396569229,-61.989534853494206,33.8,8.05
101,kogon,0,uz,1537849800,46,39.35867017425619,64.55235111948133,69.8,9.17
102,ballina,88,au,1537851843,94,-30.523926208036627,160.0337837687565,46.77,15.46
103,changji,92,cn,1537851844,61,44.89275347916325,87.09286070968176,73.59,10.76
104,kabinda,68,cd,1537851844,90,-6.034953864135218,24.240933073843166,70.71,7.96
105,chuy,76,uy,1537851844,88,-35.47544011123694,-50.51294535841697,58.02,11.77
106,vila velha,75,br,1537851600,83,-21.1458747286798,-36.985683329394305,78.8,14.99
107,namibe,0,ao,1537851845,98,-17.216850590351186,11.000084254326225,66.21,6.85
108,kahului,20,us,1537847760,67,24.960252189952996,-152.28407401152074,86,6.73
109,jamkhed,8,in,1537851845,78,18.61251686143666,75.43540943174224,83.13,6.96
110,galdar,20,es,1537849800,83,27.954073042672647,-15.848399993229606,73.4,17.22
111,fevralsk,,ru,,,54.76126524644823,130.21966684890947,,
112,marsh harbour,76,bs,1537851846,100,27.59425362566415,-75.83583551163001,83.13,9.19
113,ahipara,76,nz,1537851846,79,-32.97332706908654,168.54278359500643,55.05,22.73
114,cristalina,0,br,1537851847,61,-16.774135414130583,-47.33722275676871,64.23,5.17
115,flin flon,8,ca,1537851636,100,55.65677832757518,-101.73446967319731,35.7,3.49
116,tuatapere,80,nz,1537851847,100,-54.01941899429129,162.46248543132583,45.15,26.53
117,barrow,0,us,1537851847,85,88.64435036257737,-145.69336485999352,43.8,2.82
118,ende,0,id,1537851848,96,-9.624000085827262,121.98803304719667,83.04,6.73
119,east london,0,za,1537850160,32,-59.63773215498974,48.030988214583346,82.4,8.05
120,salalah,75,om,1537847400,83,18.195440203818904,57.90015288040303,77,4.7
121,talara,8,pe,1537851849,87,-4.802408831968918,-84.92877147177452,64.77,3.6
122,ruthin,0,gb,1537851000,93,52.755740193046194,-3.3629100766225974,41,5.82
123,san andres,0,co,1537851849,96,14.065027347314427,-79.84392240551298,85.02,11.21
124,naze,75,jp,1537848000,94,21.42317467655775,137.19238589551577,75.2,2.48
125,belmonte,0,br,1537851850,50,-18.536239219782573,-29.19224902044641,55.05,5.73
126,nishihara,90,jp,1537849260,93,20.62975751854958,133.38337447211734,73.4,11.41
127,taolanaro,,mg,,,-39.49668300448576,57.547754317248376,,
128,nome,1,us,1537851300,87,71.19802904714808,-165.00342015638086,78.08,4.72
129,vardo,90,no,1537848900,100,70.14230346250946,31.986362643114546,62.96,4.7
130,bengkulu,,id,,,-15.897928051074459,93.23786258564303,,
131,sambava,92,mg,1537851852,100,-13.132518863260216,53.34586786686947,74.04,17.58
132,bizhbulyak,68,ru,1537851852,76,53.51385654582003,54.338599443171404,58.74,8.3
133,rayong,40,th,1537849800,70,12.747688188314626,101.44440031579859,84.2,6.93
134,jamestown,0,sh,1537851853,34,-40.78359801109536,-18.745331776082196,66.3,5.17
135,baraboo,40,us,1537850100,92,43.32678325738746,-90.05089093473768,68,5.82
136,belushya guba,,ru,,,78.62301402732905,43.97855643336172,,
137,zeya,0,ru,1537851854,39,54.36629251394024,128.24263041534482,56.13,3.04
138,victoria,75,sc,1537849800,74,-10.898556690754106,59.76664365498317,87.8,4.7
139,ortigueira,0,br,1537849800,66,-23.933437684447384,-51.00038004143295,55.4,25.86
140,onguday,64,ru,1537851855,97,50.75911308009066,86.73538985314019,38.94,1.92
141,turtas,0,ru,1537851855,76,59.12202473754135,69.35268675734503,63.51,4.05
142,kaitangata,56,nz,1537851855,81,-47.80473758925194,171.22989881099255,43.98,29.89
143,maghama,,mr,,,17.24340062839761,-11.680721760195155,,
144,hasaki,75,jp,1537849800,94,29.94046350318797,152.37334215030938,68,16.11
145,namatanai,92,pg,1537851856,97,-0.7456455830146496,154.95715750995123,83.58,15.23
146,severo-kurilsk,88,ru,1537851856,95,44.56688205704944,155.07884565759576,52.98,13
147,saleaula,,ws,,,-4.3426815693416785,-170.386904008218,,
148,rosarito,8,mx,1537848000,83,29.366375350040684,-120.62142122141823,69.8,4.7
149,kodiak,40,us,1537851180,93,49.27117707517465,-147.93138029292444,66.02,6.93
150,sumbawa,,id,,,-10.924225873017377,117.73568046984047,,
151,simbahan,12,ph,1537851858,100,7.588929594807624,120.37739560242488,83.67,14.45
152,huanren,0,cn,1537851858,64,40.703932051787035,125.81012643120272,61.35,3.15
153,bitung,40,id,1537849800,58,3.2573468917348976,126.78832786432366,87.8,5.82
154,messina,0,za,1537847460,73,-22.1945019772718,30.821677210948565,73.4,5.82
155,sorland,40,no,1537847400,93,72.43696278390811,8.21278516599682,37.4,35.14
156,platteville,90,us,1537850100,100,42.480764523446084,-90.16999796198544,65.3,5.82
157,bredasdorp,68,za,1537848000,87,-70.16325850762918,23.05785553852948,53.6,5.82
158,castro,92,cl,1537851860,99,-49.47593939974266,-93.75551517541915,44.7,10.2
159,upernavik,80,gl,1537851860,100,80.13947210790275,-58.483496226784624,30.84,7.63
160,jiujiang,64,cn,1537851861,76,29.855849155855438,115.84137509127208,75.48,13.44
161,ocosingo,88,mx,1537851861,94,17.116444636158633,-92.05322590366048,66.12,2.26
162,vestmanna,92,fo,1537849200,93,65.40850334340178,-8.92513616456091,50,14.99
163,mount gambier,0,au,1537851675,68,-44.33969247214473,135.2276824514547,57.3,4.94
164,avarua,100,ck,1537851849,100,-24.3267520595047,-162.98110385100185,76.11,7.4
165,hervey bay,68,au,1537851862,99,-23.370314952783332,158.23459498245552,67.2,10.54
166,doctor juan leon mallorquin,90,py,1537848000,88,-25.278595405476196,-55.13602324671861,66.2,3.36
167,taoudenni,24,ml,1537851862,40,20.979789898529674,-5.8832534246227794,77.19,8.97
168,bethel,75,us,1537847580,76,53.8557466575858,-160.93050355457925,50,13.87
169,ban nahin,56,la,1537851863,90,18.691138276047297,104.72404578648508,79.35,2.82
170,nyurba,0,ru,1537851864,49,64.47973661057065,118.86788094805706,55.05,6.85
171,ondorhaan,,mn,,,48.6445140154872,110.13913906251855,,
172,adrar,0,dz,1537848000,50,29.5160076754905,2.7477130346939305,75.2,11.41
173,tessalit,20,ml,1537851865,48,21.381057356242493,0.1975748185649877,72.33,5.95
174,baena,0,es,1537849800,63,37.69590714820744,-4.449686696564413,66.2,1.12
175,port elizabeth,90,za,1537851300,90,-76.06771196954377,32.21734462489141,69.08,11.41
176,mezhova,92,ua,1537851866,95,48.40129093554498,36.64741596388225,50.1,10.98
177,hobart,40,au,1537849800,54,-60.563227043763405,144.89490473760526,53.6,9.17
178,torbay,75,ca,1537848000,74,34.75288237547697,-50.1846642318003,37.4,5.82
179,marawi,76,sd,1537851867,90,19.53504504511062,30.325597982530923,72.96,4.38
180,marystown,0,ca,1537851867,100,42.26072626744431,-53.446910478310286,42.72,15.9
181,klaksvik,92,fo,1537849200,93,65.00420427799884,-7.167518812926971,50,14.99
182,makat,0,kz,1537851867,71,48.32261489630514,53.05065119663092,65.31,4.72
183,sinnamary,68,gf,1537851868,96,16.588944328979693,-44.55443939300375,82.23,7.52
184,palanpur,0,in,1537851868,72,24.190466582652235,72.34946872403899,85.47,5.95
185,madaoua,0,ne,1537851868,77,13.70888035834362,6.391324213794547,72.87,7.4
186,nizhniy baskunchak,44,ru,1537851869,43,48.910814042298796,47.86145428632412,64.05,13.44
187,palenque,88,ec,1537851789,96,-1.3470940100715012,-79.8573477973144,69.9,2.71
188,shepsi,24,ru,1537851869,97,42.71373796887062,38.07093556036827,75.12,14.67
189,garowe,0,so,1537851869,34,8.018564365298118,47.323947550988464,91.05,7.85
190,kabo,24,cf,1537851870,90,7.792544615075187,19.60238202679173,73.5,7.29
191,vestmannaeyjar,92,is,1537851870,100,55.13724619446779,-21.388742225855566,39.93,18.14
192,staraya kulatka,68,ru,1537851870,69,52.81998209580621,47.39749986957142,54.15,14.34
193,port macquarie,90,au,1537848000,48,-34.713274945308235,158.4390081797688,62.6,8.05
194,frederikshavn,0,dk,1537851656,100,57.319362558731655,10.891210369806373,53.43,18.25
195,talnakh,0,ru,1537851871,90,75.45182663581159,89.2384407409595,44.88,9.98
196,majene,24,id,1537851871,79,-4.098000469519832,117.8585251337567,87.72,18.81
197,harper,1,lr,1537848900,80,3.5212845740149135,-8.713245149448255,71.96,8.41
198,lahat,0,id,1537851872,43,-3.975640920561503,103.48697115800417,94.38,11.21
199,mar del plata,92,ar,1537851872,100,-62.403712026246986,-37.126683295575305,38.85,8.41
200,vaitupu,,wf,,,10.126043681045232,-179.9285002172103,,
201,natal,40,br,1537851600,83,-4.7769708459112366,-32.121122718089566,77,9.17
202,maltahohe,12,na,1537851873,60,-24.08526049721077,16.786470703504023,59.1,3.71
203,camana,,pe,,,-17.12760628135601,-73.8981675871209,,
204,asau,,tv,,,-14.841305954969883,178.9974287060511,,
205,san quintin,75,mx,1537848000,74,16.69388680481717,-132.45584079249005,86,6.93
206,cidreira,92,br,1537851874,97,-57.7815590290839,-20.354212133126765,66.48,13
207,luderitz,88,na,1537851874,95,-33.760606639117206,2.50313247129759,54.33,3.38
208,tsihombe,,mg,,,-38.71073758642446,44.149120996686804,,
209,santiago del estero,92,ar,1537851671,75,-26.725628845682365,-63.912191750092404,66.57,4.5
210,fort nelson,40,ca,1537848000,70,58.18877032233834,-123.24690348319947,44.6,5.82
211,bressanone,20,it,1537849200,93,46.62852208121643,11.544541149067896,37.4,1.12
212,srednekolymsk,36,ru,1537851876,65,74.2135763133258,154.53500161020867,39.39,2.37
213,sabha,0,ly,1537851876,40,26.978137185175783,16.00382133522311,72.6,3.6
214,kazalinsk,,kz,,,46.79129378665286,61.18139516440354,,
215,monterey,1,us,1537850100,82,34.810658946365024,-123.21690347994229,57.02,1.36
216,ostrovnoy,56,ru,1537851877,92,72.39074944855469,44.15010987659764,37.77,8.86
217,iracoubo,20,gf,1537851877,88,12.99184688897003,-51.05475664689746,77.28,3.6
218,pacific grove,1,us,1537850100,82,27.30119422817546,-136.20251710079683,57.02,1.36
219,chavakkad,40,in,1537849800,78,9.802809117881822,74.73747938883659,84.2,4.7
220,clearwater,90,us,1537850100,100,28.178773583685143,-84.1199374027033,82.04,8.05
221,pimampiro,8,ec,1537851878,100,0.3230227413615552,-77.73800873007063,42.09,1.81
222,larsnes,75,no,1537849200,75,63.2290192746361,5.125568587923794,48.2,20.8
223,prince rupert,90,ca,1537850040,93,46.941499231448574,-137.1367308739431,53.6,2.48
224,barra patuca,68,hn,1537851879,92,16.489667412776953,-83.48492727027676,82.77,10.2
225,longyearbyen,75,sj,1537847400,93,86.17938679624481,17.99156664179955,35.6,8.05
226,turayf,0,sa,1537848000,37,32.96043031452096,38.41843298961584,69.8,4.7
227,coquimbo,0,cl,1537848000,87,-29.906984749004195,-73.93659311795675,53.6,10.29
228,artyk,,ru,,,65.26091725662309,146.26130185955822,,
229,mina,64,mx,1537851880,77,25.980193696775117,-100.47381937184923,82.32,12.21
230,laguna,0,br,1537851881,78,-36.47990316741898,-40.34262506563687,78.36,2.37
231,ponta do sol,0,cv,1537851881,68,17.790269113133476,-28.08403560816322,60.54,3.71
232,praia,0,cv,1537848000,64,11.391318798720889,-22.178952513293723,69.8,6.93
233,kangaatsiaq,36,gl,1537851882,100,68.02763270442512,-55.40121922142221,36.15,24.85
234,saskylakh,48,ru,1537851882,93,85.38867883597268,113.0498424767955,33.27,14.79
235,berlevag,88,no,1537851882,100,76.17845876310619,29.64896800057369,40.38,18.37
236,aksu,40,cn,1537849800,72,36.90058485158649,81.82716241536292,59,11.18
237,bensonville,88,lr,1537851883,98,6.375715266928921,-10.175164269649798,74.22,2.93
238,saryshagan,,kz,,,45.69564981967076,71.47976646865575,,
239,muli,0,mv,1537851884,64,3.1499804253533057,74.15822711679863,89.88,8.97
240,hermanus,80,za,1537851884,95,-79.21027435181465,5.2646429850583445,50.46,4.72
241,esperance,20,au,1537848000,88,-31.29816435008972,123.2627103829044,78.8,6.29
242,songjianghe,8,cn,1537851884,66,40.96971928972053,128.20338648225942,56.4,3.6
243,sobolevo,92,ru,1537851885,84,54.713108613637075,154.14365683195183,44.97,19.93
244,alta floresta,20,br,1537851885,89,-10.715283619162804,-53.888319701261864,76.29,2.15
245,lebu,20,cl,1537848000,54,-36.199728389603166,-79.75494902272891,55.4,2.24
246,pangai,20,to,1537848000,78,-18.762200190108402,-175.81959485029816,77,6.93
247,lejanias,36,co,1537851886,92,3.5905523914134534,-73.92532038246128,66.3,1.48
248,manta,0,ec,1537851886,66,0.6821205007695994,-82.79928778339539,45.69,5.84
249,wakema,32,mm,1537851887,86,16.54006890901816,95.11612517649917,87,4.38
250,barentsburg,,sj,,,77.25777761717691,11.580640050974182,,
251,kuopio,0,fi,1537851000,69,62.752106409569734,27.559544711899235,37.4,14.99
252,korla,,cn,,,38.634320290209814,85.09852408573005,,
253,mys shmidta,,ru,,,78.49557304811898,-173.89538050784586,,
254,samalaeulu,,ws,,,0.07519648759040365,-164.66513365432635,,
255,juchipila,88,mx,1537851888,100,21.349977224062002,-103.12035967270093,57.57,1.92
256,mareeba,40,au,1537849800,42,-15.006503897135161,142.62378649600208,82.4,24.16
257,aswan,0,eg,1537848000,30,24.271153567483807,32.63654562029828,82.4,9.17
258,provideniya,20,ru,1537849800,70,45.36941637676162,-178.4407183678524,48.2,4.47
259,luanda,75,ao,1537848000,83,-9.48655289257782,9.501260358312152,73.4,4.7
260,sur,8,om,1537851889,82,18.858492847917503,63.811689891955496,87.45,2.59
261,cordoba,8,ar,1537851890,81,-30.877239534737505,-64.31200176159865,41.28,2.04
262,tucuma,,br,,,-0.08723064300596661,-49.84389197524206,,
263,mahadday weyne,,so,,,3.3250798072176195,46.24556981284502,,
264,los llanos de aridane,0,es,1537849800,83,26.890398502324288,-24.05258704242226,71.6,11.41
265,kankavli,,in,,,16.259525590001985,73.60931584163566,,
266,okhotsk,0,ru,1537851891,80,58.37898338850951,141.27171171396105,51.72,4.5
267,olafsvik,,is,,,64.84251993721824,-30.276804248172255,,
268,chaa-khol,,ru,,,51.737313947618446,92.48322059031028,,
269,meulaboh,92,id,1537851892,100,2.2699042157614997,95.17764378322289,81.6,2.82
270,mosquera,20,co,1537848000,87,4.398805969729068,-80.2017367116326,50,2.24
271,maxixe,20,mz,1537848000,88,-23.337022389375903,34.457464411443055,68,7.63
272,new norfolk,40,au,1537849800,54,-53.680071397488774,138.18671811837828,53.6,9.17
273,faanui,0,pf,1537851893,100,-1.2866155245861677,-159.46114153957933,78.27,16.46
274,sotnikovskoye,0,ru,1537851893,66,44.94108377921819,43.79407093556907,68.82,9.75
275,ternate,20,id,1537848000,70,1.7473607654283825,127.90068513808706,87.8,12.75
276,miri,8,my,1537851894,88,6.2546690508967515,112.97838324815012,67.02,2.93
277,faya,0,td,1537848000,32,21.19703830104001,25.218367899633307,68,4.5
278,alizai,5,pk,1537849800,65,33.78754292802344,70.46768123759531,80.6,9.17
279,pangnirtung,76,ca,1537851895,89,69.42963193126133,-63.544783014880124,25.62,2.93
280,baruun-urt,88,mn,1537851895,64,47.975751729551774,113.3757416264292,53.97,10.65
281,carballo,0,es,1537849800,66,46.07131628145811,-11.840868587121179,55.4,7.4
282,dunedin,0,nz,1537851632,75,-49.28949181969223,176.11931251153362,41.91,21.16
283,yagodnoye,88,ru,1537851896,60,62.439571467719674,149.39375765403537,35.61,4.16
284,nouakchott,24,mr,1537851896,100,18.192507454652088,-14.69672586483864,76.83,8.97
285,monroe,90,us,1537851180,96,48.18467835167755,-121.23779848854298,69.08,13.87
286,fare,8,pf,1537851897,100,-16.1825621820052,-150.21983634366012,77.55,14.67
287,basco,1,ph,1537850100,94,19.909149978234623,125.28156584873466,69.08,4.7
288,nanortalik,0,gl,1537851897,95,53.51573287830965,-42.21652582152893,36.15,16.02
289,the valley,40,ai,1537848000,74,22.784821497025845,-62.37868805053169,82.4,10.29
290,pudsey,0,gb,1537849200,86,53.820055313458425,-1.6827017379926303,41,6.93
291,karamea,,nz,,,-38.359640542254674,170.58843929363724,,
292,filotion,40,gr,1537849200,88,36.8830331740178,25.510978833860776,71.6,17.22
293,okandja,,ga,,,-0.584196211948651,14.025895972651938,,
294,guerrero negro,0,mx,1537851899,100,17.474014138942962,-124.80442976406081,65.4,9.08
295,byron bay,90,au,1537849800,59,-28.20418556650148,159.9695060868936,66.2,10.29
296,atambua,20,id,1537851899,73,-10.881436324374889,127.18045699492745,86.1,4.72
297,borovskoy,0,kz,1537851900,52,53.33384644972966,64.58216451086429,63.78,10.98
298,ambulu,0,id,1537851900,80,-13.030190207436647,113.01715820037526,82.14,9.86
299,honningsvag,40,no,1537847400,64,70.12881134340074,26.245665035310367,39.2,24.16
300,marhaura,8,in,1537849800,70,26.136395205648384,85.04653729722185,89.6,2.24
301,souillac,0,mu,1537849800,71,-30.631547579357367,62.87311385538595,50,12.75
302,krasnoselkup,,ru,,,64.38207491797652,83.68760348069549,,
303,luis correia,0,br,1537851696,80,0.36545781392574384,-41.24682139370523,77.28,16.58
304,muisne,76,ec,1537851902,96,0.9991846324768545,-82.74837855761675,71.16,3.49
305,nelson bay,20,au,1537849800,51,-36.007873493564276,158.49231370524262,62.6,14.99
306,kousseri,,cm,,,12.183965917562617,15.192695288878042,,
307,costa rica,75,br,1537846800,94,-23.476192079309982,-54.951525733170314,84.2,2.48
308,ruston,1,us,1537850100,95,32.303205247463694,-92.95972865721201,77,3.71
309,port alfred,80,za,1537851903,61,-80.19033062332872,44.819996613265914,75.3,12.44
310,bershet,0,ru,1537849800,67,57.71243507997721,56.35651392982879,60.8,8.95
311,coihaique,20,cl,1537848000,93,-46.07262476193937,-74.02675996829689,37.4,5.82
312,sandominic,20,ro,1537851904,69,46.605766645859916,25.79017891520681,39.03,5.39
313,barinas,24,ve,1537851904,91,7.501050004999456,-69.11783160167836,70.53,2.82
314,belgrade,0,us,1537849800,93,45.76559358537418,-111.24456084106599,42.8,11.41
315,qasigiannguit,92,gl,1537851000,92,67.49912467734245,-45.70707513934275,30.2,5.82
316,lagoa,0,pt,1537849800,41,52.46312713824068,-29.933106001413506,78.8,8.05
317,westport,90,ie,1537851600,93,57.182805421961405,-13.836570523095759,44.6,14.99
318,zlobin,0,by,1537849800,33,52.91623648309462,29.871469532214917,57.2,6.93
319,bahia blanca,64,ar,1537851907,76,-37.54151562022581,-63.139131878560676,48.03,7.4
320,bithur,75,in,1537849800,70,26.694229664808915,80.27207971970478,86,6.93
321,suntar,0,ru,1537851907,52,61.7289049116101,117.65262331231588,56.13,6.4
322,buckie,40,gb,1537851000,71,57.624339941507515,-2.9313643093644544,50,9.17
323,ribeira brava,20,cv,1537849800,68,17.543304282851437,-23.702549821173392,71.6,13.87
324,kisangani,92,cd,1537851908,99,1.179749842712539,26.067855543285532,72.6,2.26
325,arman,20,ru,1537849800,36,58.60037693988747,147.78574046465536,60.8,2.24
326,mabay,0,ph,1537847400,94,5.367688196746059,124.13139586774838,77,6.93
327,point fortin,20,tt,1537848000,88,10.27275902076913,-61.8848242618444,78.8,12.1
328,buchanan,68,lr,1537851910,100,6.000671403271994,-10.457337121139915,75.48,0.47
329,great yarmouth,0,gb,1537851000,93,53.708784329574115,1.8856344617923355,37.4,4.7
330,nehe,0,cn,1537851910,63,48.53185383007079,124.20033637331113,64.41,6.62
331,vanimo,0,pg,1537851911,100,1.593193501903798,141.2867836227329,83.04,7.96
332,umzimvubu,,za,,,-44.865655838749184,40.61564219419256,,
333,komatipoort,12,za,1537851911,77,-25.665100295242667,32.11356897628178,73.41,3.6
334,necochea,12,ar,1537851912,75,-49.70494474806412,-54.00631674388637,47.4,2.71
335,guilin,75,cn,1537848000,69,25.57168407925556,109.6349072468364,82.4,2.24
336,lasa,0,cn,1537849800,56,33.511369050927456,88.58156006398741,71.6,6.93
337,batemans bay,80,au,1537851913,92,-39.8277545617802,153.06186852344922,54.33,4.61
338,illoqqortoormiut,,gl,,,85.4217627215912,-7.827374673336152,,
339,mujiayingzi,44,cn,1537851913,38,41.80779040857698,118.42515770845057,66.12,3.38
340,inirida,12,co,1537851975,96,2.2802017351181973,-65.95890001673044,73.14,2.04
341,ancud,92,cl,1537851914,91,-40.78324804095401,-77.62331339595076,46.41,9.98
342,borujerd,0,ir,1537848000,30,33.70228954189679,48.89137315141704,68,6.93
343,cockburn town,100,tc,1537851788,96,23.25599041942027,-70.1668332493916,84.12,20.6
344,tolaga bay,0,nz,1537851915,57,-38.79561808886041,179.08815878085295,52.62,17.58
345,manado,40,id,1537849800,58,3.0704603942505884,123.9003098608319,87.8,5.82
346,sarkand,0,kz,1537851915,91,46.37254415138875,80.42565416457859,53.88,3.71
347,estelle,20,us,1537851300,87,27.544083460987366,-88.85882350516165,75.02,8.05
348,zongolica,36,mx,1537851792,97,18.506384988096457,-97.0466972901429,55.05,0.58
349,ilulissat,92,gl,1537851000,92,73.39064734791089,-49.05149968819086,30.2,5.82
350,zaozerne,68,ua,1537851917,95,44.80145146948112,32.87165231577802,45.42,18.48
351,wajir,75,ke,1537848000,78,1.4695504142999738,39.602070744575855,77,6.93
352,gulu,12,ug,1537851917,59,2.7181491734004055,32.518127217801975,76.2,9.75
353,waiouru,92,nz,1537851918,93,-39.17757228057339,175.37212949521023,40.11,13.89
354,hambantota,8,lk,1537851918,92,0.573379477025938,85.65861849705908,83.4,13.67
355,hopfgarten,0,at,1537851000,93,47.178926422817455,12.120754157005706,39.2,9.17
356,attawapiskat,,ca,,,60.080166924533785,-82.91309678358596,,
357,puerto madero,0,mx,1537848000,63,12.557124229493283,-94.77219838822637,64.4,12.75
358,walvis bay,90,na,1537848000,93,-24.09311435646096,14.683931299034128,53.6,5.82
359,samarai,92,pg,1537851919,100,-12.77564841900859,148.135816103485,77.55,20.04
360,ongandjera,24,na,1537851920,30,-18.96997785418837,14.668336431927088,69.63,12.1
361,matagami,92,ca,1537851920,97,50.12789324566813,-76.36314240110099,67.11,3.94
362,jega,12,ng,1537851920,90,12.170792388615993,4.404749183996074,72.87,8.3
363,kaeo,44,nz,1537851921,60,-33.07611222859354,174.93721261253637,54.15,20.15
364,doka,8,sd,1537851921,71,12.805340708669235,35.29094093060806,83.31,4.5
365,mitu,0,co,1537851921,39,1.7288855625998423,-69.6794689333645,67.2,2.71
366,louisbourg,,ca,,,40.68522184496521,-57.013913422924745,,
367,kalach-na-donu,75,ru,1537849800,67,48.867566163756464,43.62668764429253,57.2,13.42
368,sakaiminato,75,jp,1537848000,60,35.957203082006544,132.96616044436092,75.2,9.17
369,batagay-alyta,68,ru,1537851922,86,69.07120629481446,131.6180974934752,40.2,3.94
370,terrace,75,ca,1537848000,82,56.84222644154357,-128.55647910059747,55.4,10.29
371,presidencia roque saenz pena,100,ar,1537851923,98,-27.82957787928099,-62.02738824726242,70.17,7.18
372,mutsamudu,,km,,,-11.33222953184827,44.451896140611865,,
373,baicheng,0,cn,1537851923,82,45.814478820561845,122.6253654591601,64.59,4.61
374,metro,12,id,1537851924,61,-4.061847702539168,105.72535710958334,89.43,6.73
375,iquique,90,cl,1537848000,72,-20.408865014477016,-73.5194915948961,62.6,6.93
376,nioro,32,ml,1537851924,91,15.979782871161248,-9.297015774740743,75.75,3.6
377,townsville,20,au,1537849800,47,-19.350091074739254,147.07227659181518,80.6,21.92
378,vrangel,0,ru,1537851925,100,41.164183339903616,132.76192991357152,61.08,14.67
379,saint george,20,bm,1537849200,52,29.66853840332317,-48.59145200498679,64.4,16.11
380,acapulco,90,mx,1537846920,78,4.361460101759249,-103.86661471434985,82.4,6.93
381,cambridge,0,us,1537849200,93,39.77998393947365,-81.70708580977676,44.6,1.12
382,solano,24,co,1537851926,84,0.8574383120429019,-75.08953952172526,78.81,2.59
383,poum,75,nc,1537849800,49,-20.656614587377163,161.80051067409687,48.2,13.87
384,axochiapan,56,mx,1537851927,77,18.42312916966361,-98.80414918524856,67.56,0.92
385,sao gotardo,12,br,1537851885,50,-19.34573753109052,-45.90920696393556,70.62,8.52
386,paradwip,,in,,,15.952507175554885,89.3041221281419,,
387,kruisfontein,64,za,1537851928,77,-35.942738942838574,24.891474444471697,64.5,12.55
388,kurchum,8,kz,1537851928,69,48.458340112825766,84.14814356780926,57.93,13.89
389,pucallpa,40,pe,1537848000,83,-8.520725425361817,-74.47447005598227,78.8,3.36
390,albanel,75,ca,1537848000,75,49.30765850266235,-72.42319306806937,41,2.24
391,christchurch,0,nz,1537849800,54,-45.27550502697464,174.3042097830948,55.4,2.24
392,solnechnyy,0,ru,1537851929,56,62.71972299579744,138.9391153531181,51.9,7.4
393,mullaitivu,,lk,,,11.214790474102855,82.92664038350568,,
394,karratha,0,au,1537851930,8,-16.9947781013838,114.64887596688493,104.1,4.61
395,gorin,1,ru,1537850100,94,51.3642112402388,136.60093618262573,68,4.7
396,prince george,1,ca,1537848000,81,54.17308183750458,-122.00913586333158,44.6,2.24
397,hare bay,75,ca,1537848000,74,50.140446245990375,-53.94234085820885,37.4,13.87
398,touros,92,br,1537851930,95,1.3087318107321693,-31.205749644042726,75.93,11.77
399,jatiroto,0,id,1537851931,78,-8.782000338294296,110.91513569831926,81.6,10.98
400,constitucion,56,cl,1537851931,87,-31.767376104425225,-80.65941250426594,55.23,3.94
401,umaria,8,in,1537851931,75,23.25006172878426,80.50062244056886,84.3,9.53
402,letka,20,ru,1537848000,35,59.77503011780067,49.100131710317726,57.2,20.8
403,chabahar,0,ir,1537851932,89,24.52083109125053,59.60002275620326,84.48,7.96
404,tsaratanana,0,mg,1537851932,56,-17.202584159278047,47.53666644005145,73.95,9.53
405,inderborskiy,,kz,,,48.36101692422551,49.913172797151645,,
406,merauke,0,id,1537851933,56,-10.821665005128096,139.6087188359486,88.44,17.47
407,doctor pedro p. pena,,py,,,-21.64031575418946,-62.19621731973032,,
408,cabo san lucas,75,mx,1537846860,65,20.71366377859573,-108.9956736231683,82.4,9.86
409,khorixas,0,na,1537851934,74,-20.824289457527456,14.476527504871541,57.21,2.59
410,bowen,0,au,1537848000,54,-16.10951014472002,151.53196522464708,78.8,18.34
411,kuito,8,ao,1537851934,68,-11.800095137970871,16.325063416468026,64.68,3.38
412,saquarema,75,br,1537848000,88,-26.86790490266791,-42.811815920282754,75.2,4.7
413,nacala,76,mz,1537851935,90,-14.17208925977009,39.86857708959357,79.53,3.49
414,keti bandar,0,pk,1537851936,95,23.452901761661238,67.07710703019723,81.6,16.58
415,poshtove,80,ua,1537851936,96,44.84071634785329,33.906800876052785,45.24,20.83
416,ziro,90,in,1537848000,100,28.92436434305256,93.45205330215526,75.2,4.7
417,caravelas,36,br,1537851936,100,-24.426815609518954,-24.6740865962162,76.56,14.79
418,kifri,0,iq,1537851937,17,35.01186539612242,44.82349752000698,88.8,4.61
419,nabire,76,id,1537851937,96,-2.762401910299147,135.7901297903386,74.04,0.92
420,tiksi,88,ru,1537851937,100,74.59000706097189,122.30096961053994,34.62,9.98
421,tripoli,0,ly,1537849200,82,32.39249377409942,12.97673212521724,64.4,8.05
422,enumclaw,1,us,1537848900,87,46.56744179491534,-121.43454654443728,59,1.81
423,hovd,75,mn,1537849200,65,43.93047771731531,104.19598064620851,46.4,19.46
424,gewane,0,et,1537851938,29,10.306760461258335,40.53707003683479,86.46,4.05
425,bida,64,ng,1537851939,100,9.438048768962915,5.6139370157009125,71.7,5.95
426,yar-sale,20,ru,1537851939,88,73.50640195578745,69.96870324510093,55.23,10.76
427,oranjemund,92,na,1537851939,95,-30.68822770394992,13.363006036988054,56.85,2.71
428,vostok,92,ru,1537851940,77,53.17496462221405,151.0977811178363,50.1,3.71
429,black river,20,jm,1537848000,69,18.120074065747758,-77.84366804691632,82.4,8.05
430,altamira,32,br,1537851900,89,-4.80019567358319,-51.557278784136315,74.85,3.71
431,alofi,92,nu,1537848000,78,-26.873418918914908,-167.81450930620497,78.8,3.36
432,lansing,90,us,1537850280,89,39.16935786209092,-95.03029836566243,67.64,4.7
433,pandharpur,44,in,1537851941,83,17.214588839892073,75.42565247439842,84.12,7.52
434,kungsbacka,0,se,1537849200,69,57.178976198504245,11.455164778034685,35.6,3.36
435,khandyga,88,ru,1537851942,64,64.44552456026534,137.2794665571825,46.5,4.38
436,kuytun,64,cn,1537851942,52,43.5576181821821,83.58381404804811,61.08,5.73
437,saint-augustin,0,ca,1537849800,71,50.64403410239211,-60.194198709371776,50,8.05
438,vrnograc,0,ba,1537849800,100,45.37840611199135,15.942478846859558,35.6,3.36
439,requena,75,pe,1537849800,64,-5.470108968807395,-73.94882465330808,75.2,9.17
440,cherskiy,76,ru,1537851928,88,73.9552213127981,158.56412705900993,34.89,3.6
441,karasburg,20,na,1537851943,35,-27.867242755905067,18.70114960583362,61.53,5.84
442,thakurdwara,92,in,1537851944,99,29.15680094380238,78.78170128803447,75.48,4.5
443,rio grande,92,br,1537851944,100,-46.83200254215264,-35.834153749826214,61.08,19.26
444,camacha,75,pt,1537849800,78,38.606416946874276,-15.320249663588442,71.6,6.93
445,yulara,0,au,1537848000,10,-22.89585464993229,131.51363110814094,84.2,11.41
446,plettenberg bay,76,za,1537851945,100,-39.27937377415206,23.938090330965338,59.82,17.02
447,salinas,1,br,1537850100,82,-16.350437306503807,-42.06747815990644,57.02,1.36
448,yandoon,,mm,,,17.180932038730035,95.76229688551064,,
449,otaru,80,jp,1537851945,90,43.27317159785406,140.9043530094275,60.27,7.4
450,aasiaat,92,gl,1537851946,100,71.04883798048303,-53.951164073799234,36.51,6.62
451,paamiut,80,gl,1537851946,99,60.42449908330164,-48.78295304307102,39.39,22.06
452,buraydah,0,sa,1537848000,34,28.46564751333939,43.88686594236566,80.6,3.36
453,floro,75,no,1537849200,87,61.40789079736214,5.294609066331475,50,19.46
454,kavieng,92,pg,1537851947,100,3.908196546210746,151.7232341128751,84.48,11.32
455,yeppoon,0,au,1537849800,41,-23.048478071584668,150.75350971237174,78.8,10.29
456,micheweni,64,tz,1537851947,100,-5.81672427181779,43.98628825157229,76.29,10.65
457,obihiro,75,jp,1537848000,49,42.894432747487826,142.86786119595928,68,8.05
458,te anau,80,nz,1537851907,85,-42.370247012782905,158.72732285398854,38.13,10.76
459,itarema,76,br,1537851949,88,3.6258664555442977,-38.60534598356307,76.29,14.67
460,sennoy,92,ru,1537851949,68,52.126238453110005,46.81292574703832,54.15,14.23
461,tabou,92,ci,1537852011,100,-4.524341844704523,-5.670317948629162,76.56,5.5
462,salo,0,fi,1537851000,86,60.74839261022865,23.17114881421503,37.4,4.7
463,zhiryatino,75,ru,1537849800,81,53.17940370590179,33.81803068381103,46.4,13.42
464,lingao,32,cn,1537851950,97,19.781730821347992,108.72840846015464,84.3,4.94
465,vangaindrano,0,mg,1537851951,86,-24.395304714137723,48.554598018047784,74.13,5.28
466,toliary,,mg,,,-23.378337547067247,43.03144642905494,,
467,robertsport,80,lr,1537851951,100,4.422144567641297,-13.209447492648422,76.65,2.93
468,richards bay,20,za,1537851951,79,-29.807155323203048,32.960761339600595,75.03,11.77
469,padang,32,id,1537851952,100,-4.350615229275064,94.46664304457215,80.25,9.19
470,lantawan,75,ph,1537848000,66,6.61119196477442,121.82238291497401,89.6,13.87
471,spartanburg,90,us,1537851300,96,34.84872207747246,-81.79573724088267,69.08,5.82
472,benguela,48,ao,1537851953,100,-11.118533708160797,8.023097610032096,68.73,4.16
473,antofagasta,90,cl,1537848000,67,-23.065833608440443,-71.40395584417084,59,3.36
474,bengkalis,,id,,,1.1848534846555907,102.66344090567105,,
475,port-cartier,20,ca,1537848000,100,54.39795743186977,-69.64171471356724,32,8.05
476,saint-denis,0,re,1537849800,87,-20.092019094238196,55.211246547453044,48.2,4.7
477,falealupo,,ws,,,-9.323807258792712,-173.7990776564158,,
478,aden,0,ye,1537851955,100,12.786265588598766,44.744290586220615,82.95,15.79
479,pasighat,92,in,1537851955,99,32.96381326103935,96.62007130381983,68.82,1.92
480,chernogorsk,40,ru,1537849800,58,54.009432317054404,91.08756472900478,57.2,8.95
481,sorvag,,fo,,,63.00049844932278,-10.755221868492981,,
482,buala,92,sb,1537851956,100,-1.585154536699747,160.69064448732797,76.38,12.88
483,prachuap khiri khan,36,th,1537851956,69,11.287647218456769,100.67419002654594,85.92,2.71
484,zaria,24,ng,1537851717,88,10.780727096779984,7.924577022660202,71.43,2.93
485,eureka,1,us,1537850100,87,41.84985700081998,-126.3045585767324,55.04,5.82
486,husavik,56,is,1537851957,100,69.3946004157815,-16.370520798867403,41.82,5.5
487,melo,92,uy,1537851957,85,-32.30940760720312,-54.16796570846398,57.21,11.88
488,pecos,1,us,1537848900,62,31.32597808648164,-103.37513106233516,71.96,6.93
489,huilong,92,cn,1537851958,98,31.998792141607368,124.06825946414125,65.49,4.16
490,islamkot,0,pk,1537851958,50,24.681119123964066,70.49032592221207,89.79,11.88
491,skalistyy,,ru,,,69.74658000663774,32.930020914516064,,
492,sola,20,vu,1537851000,93,-14.314323547716484,172.75383748151904,44.6,5.82
493,preobrazheniye,12,ru,1537851959,50,42.808477943949185,134.0508096891656,60.09,2.71
494,broken hill,0,au,1537851959,40,-27.44390340128087,141.63491752835557,69.63,10.65
495,tiarei,20,pf,1537849800,57,-11.806188398184034,-146.62739804538748,77,5.82
496,picton,20,ca,1537849800,55,43.74020695537385,-76.8277978869053,68,10.29
497,antalaha,64,mg,1537851960,95,-14.114553729722417,54.92496533029609,73.95,10.2
498,murchison,0,nz,1537851961,77,-41.41780570776282,172.54035870439498,59.73,6.62
499,chara,20,ru,1537849200,52,57.35688117989196,117.96407230396659,64.4,16.11
500,adre,0,td,1537851961,79,12.52684738644706,21.691790941816407,77.1,4.38
501,englehart,90,ca,1537848000,71,47.67528648606472,-80.27027235457962,51.8,12.75
502,chapais,90,ca,1537848000,60,53.61701450958478,-72.68297501427253,41,13.87
503,berdigestyakh,0,ru,1537851962,57,62.477095128952016,126.10542038878663,53.88,5.73
504,ramsgate,20,gb,1537849800,55,51.19119629868868,1.560730298203623,68,10.29
505,mandalgovi,24,mn,1537851963,62,42.87715261676581,104.90315783716363,63.69,5.17
506,yakeshi,0,cn,1537851963,70,48.15113980094054,121.09599837209277,56.76,4.5
507,alice springs,0,au,1537849800,12,-20.268609165070174,133.64499140024583,82.4,5.82
508,callaway,90,us,1537851180,93,28.301026142760165,-85.46386211004429,50,4.7
509,teguldet,88,ru,1537851964,83,58.394431827799394,88.58095815707543,53.25,7.4
510,lolua,,tv,,,-5.540591545841096,174.47842423569068,,
511,paramonga,92,pe,1537851965,100,-11.399945412943055,-79.51969808755109,59.28,9.75
512,andrushivka,92,ua,1537851965,99,50.08557556115346,29.272980089510355,45.69,17.92
513,dwarka,90,in,1537849800,94,18.336395174773244,65.23367646428204,73.4,9.17
514,capelinha,0,br,1537851966,74,-17.70712174038941,-42.64747058175638,63.87,6.85
515,dingle,64,ie,1537851966,77,55.9105619328146,-16.518120695219153,82.32,12.21
516,taungdwingyi,0,mm,1537851967,70,20.50976721599163,95.47833982864529,89.16,8.75
517,nueva helvecia,88,uy,1537851967,51,-34.424835327430245,-57.103365456903376,55.95,8.75
518,balad,0,iq,1537851967,86,33.95703695114078,44.32592046357249,87.18,6.17
519,margate,40,za,1537849800,54,-37.579299046842976,36.20409850200056,53.6,9.17
520,sajanan,0,tn,1537848000,88,37.25844593312337,9.139775155813822,73.4,5.82
521,marcona,,pe,,,-26.97032859923135,-92.72089464318245,,
522,nizwa,8,om,1537851968,34,22.293472393144228,56.47583863899811,89.43,3.94
523,hegang,56,cn,1537851968,62,47.878335715515476,130.48522366896475,57.57,6.73
524,waingapu,0,id,1537851969,42,-13.33236561288328,120.26275200745431,90.78,11.1
525,xiongzhou,0,cn,1537848000,50,24.79551383353055,114.50987200119874,77,13.42
526,lorengau,68,pg,1537851969,100,9.640186866014744,147.14693826854614,82.5,2.04
527,kisesa,40,tz,1537848000,64,-2.9033298201774613,34.148185750090875,69.8,13.87
528,maneadero,,mx,,,30.832697465482013,-118.01599921313503,,
529,monopoli,20,it,1537849200,45,41.18252811486548,17.483586815269575,68,17.22
530,molchanovo,92,ru,1537851970,92,57.22747440067667,83.40077113392834,53.25,12.77
531,susehri,0,tr,1537851971,25,39.33160512081034,38.00102800015537,64.05,2.48
532,makakilo city,75,us,1537849560,82,16.304875545204055,-160.49519389613218,82.04,6.93
533,altay,92,cn,1537851971,95,47.77221960322345,88.1760043200091,41.73,2.82
534,nhulunbuy,40,au,1537849800,54,-13.470834092508056,139.14204445804796,84.2,14.99
535,puerto baquerizo moreno,88,ec,1537851972,99,3.6154427935053803,-88.4771189720625,69.99,11.21
536,pushchino,90,ru,1537849800,87,54.83282425200238,37.75263150226121,44.6,17.9
537,hamilton,90,bm,1537850100,93,30.220594004652227,-68.25930670052836,62.6,14.99
538,tadine,92,nc,1537851973,98,-21.990398531700436,168.51834102319066,70.53,15.46
539,novyy svit,88,ua,1537851974,97,45.95399001565485,36.321137047152206,49.38,10.76
540,asnaes,32,dk,1537851000,93,56.283814486796274,11.387216258011591,37.4,8.05
541,soyo,88,ao,1537851974,93,-7.075634198649624,8.887209544372524,72.33,4.05
542,dauriya,80,ru,1537851975,45,49.14345730616023,115.85895162764768,59.1,13.33
543,calabozo,92,ve,1537851975,85,9.03024337681019,-68.04608964558305,76.02,5.61
544,bilibino,48,ru,1537851975,69,72.5325754945354,166.64108200448715,32.73,1.92
545,mwingi,12,ke,1537851975,80,-0.8981133272231148,38.38366813787664,68.91,6.85
546,karlskoga,0,se,1537849200,78,59.58965642771031,14.434575415088545,32,4.7
547,carhuamayo,76,pe,1537851976,100,-10.854565905359678,-75.76017864179639,37.41,2.37
548,yunjinghong,,cn,,,21.33892677818531,100.29360141247065,,
549,lavrentiya,92,ru,1537851977,91,67.20334168788926,-168.64758433649803,44.88,15.35
550,ulladulla,40,au,1537848000,42,-38.550397076643776,156.95457077181305,62.6,11.41
551,lerwick,40,gb,1537851000,81,62.440399464877146,1.291025594609664,51.8,18.34
552,mahibadhoo,64,mv,1537851977,99,3.533721484074988,68.50938804530662,84.03,14.56
553,abonnema,75,ng,1537848000,94,2.684005549875323,6.640458533189246,75.2,3.83
554,ryotsu,75,jp,1537848000,87,37.985858430549456,138.41468516027624,60.8,6.93
555,maizieres-les-metz,0,fr,1537851000,81,49.223268585651255,6.18245854417799,42.8,10.29
556,oktyabrskiy,90,ru,1537849800,87,47.68857326453957,43.980104112131784,46.4,17.9
557,springfield,90,us,1537851120,90,44.07189077802843,-122.444230630112,71.06,9.17
558,lohja,0,fi,1537851000,80,60.14114313452737,24.145125305238963,35.6,11.41
559,pio xii,8,br,1537851980,84,-4.132937768482492,-46.20182488076264,77.01,7.18
560,oksfjord,90,no,1537851540,93,70.38806245260241,21.832386375217595,35.6,25.28
561,tasbuget,,kz,,,44.50501881933411,65.34509399355142,,
562,fukue,75,jp,1537849800,88,33.66048315321187,126.69401463592317,69.8,13.87
563,srivardhan,76,in,1537851981,92,17.67445098423697,72.13581136440774,81.33,5.17
564,cap-aux-meules,0,ca,1537851981,100,47.16649511187319,-62.13235592529544,49.2,16.35
565,aljezur,0,pt,1537851835,92,36.66054965799346,-10.072145751925888,67.65,2.71
566,umm lajj,0,sa,1537851838,85,26.49212802528791,36.74900237987433,85.92,3.83
567,imeni zhelyabova,92,ru,1537851982,100,59.39486263060468,36.4543043634275,46.05,16.8
568,verkhoyansk,56,ru,1537851982,92,66.06253859293344,133.14035108421206,40.29,3.6
569,luena,12,ao,1537851983,68,-12.993132391650533,20.34049220615904,69.18,4.05
570,avera,90,pf,1537850100,97,-26.181985902392256,-154.45888332014317,75.92,3.36
571,columbus,90,us,1537850100,98,40.77970125396584,-97.6061902760673,78.08,3.04
572,orodara,0,bf,1537848000,94,11.271356748442244,-4.933351579906997,77,3.15
573,kumluca,0,tr,1537851984,34,35.956626882381954,30.263540360204132,70.17,1.7
574,port-gentil,92,ga,1537851984,96,-4.821768231593083,1.4767953901361466,77.46,8.97
575,belyy gorodok,92,ru,1537851984,100,57.03439471940786,37.59400714876739,45.69,4.38
576,chardara,,kz,,,41.641149997871906,67.64305307835409,,
577,kongolo,80,cd,1537851985,81,-5.198962059669526,27.440567450324465,74.67,6.17
578,berwick,90,us,1537851240,83,40.97083230420549,-76.28102784297974,57.92,4.7
579,cap malheureux,20,mu,1537848000,65,-16.05763972498808,57.286890277286005,77,12.75
580,wa,,gh,,,10.136186522886177,-1.9220972024999696,,
581,ivanteyevka,90,ru,1537849800,100,52.313335742683364,49.44309961438151,46.4,17.9
582,marfino,90,ru,1537849800,100,47.42792017842146,50.07334754442914,46.4,17.9
583,quatre cocos,20,mu,1537848000,65,-15.568055966681783,70.59475518868328,77,12.75
584,milingimbi,,au,,,-12.444609329061919,134.93011983339136,,
585,wynyard,44,ca,1537851987,100,51.625010780979096,-104.62257905305489,35.52,9.75
586,rundu,8,na,1537851988,26,-18.70687595768004,19.533610628716502,71.79,11.54
587,iglesias,0,it,1537849800,93,39.42091992569394,6.711240645004722,42.8,10.29
588,san rafael,0,ar,1537851989,61,-35.97818487604774,-66.85035850186317,43.8,3.71
589,guajara-mirim,,br,,,-10.634761009846642,-64.69060785678016,,
590,finschhafen,64,pg,1537851989,95,-6.465597354072273,148.03424148244687,74.4,2.37
591,codrington,92,ag,1537851990,100,21.05282523709195,-54.10510941885104,54.96,4.94
592,salinopolis,12,br,1537851990,99,3.317186868076547,-45.48229166253665,79.8,11.77
593,biak,12,id,1537851990,78,2.698779567470069,136.54652514420866,82.95,8.86
594,xiamen,75,cn,1537848000,54,23.429218350025153,118.34515298314983,84.2,13.42
595,vulcan,92,ca,1537851991,97,50.67007807013232,-113.33665160034636,38.85,5.73
596,sept-iles,20,ca,1537848000,74,55.211713366793134,-65.21780593909553,32,8.05
597,pitimbu,40,br,1537848000,88,-8.507031430316488,-26.213495002483057,75.2,6.93
598,alvaraes,24,br,1537851992,92,-3.400097310255049,-65.11210028589713,77.37,6.17
599,maceio,0,br,1537851600,94,-13.053407107218419,-31.83247954778446,68,2.24
600,galveston,90,us,1537850100,100,26.828739212624825,-93.49022353686898,71.6,3.36
601,yabassi,75,cm,1537848000,100,4.277004575165094,10.294631810006166,75.2,3.36
602,sarankhola,88,bd,1537851993,99,20.511520499019667,89.72735413831248,82.77,8.75
603,port hawkesbury,40,ca,1537848000,69,44.105341118436684,-60.32921855090383,39.2,2.24
604,lundazi,0,zm,1537851993,56,-11.934788372178787,32.51462655185932,72.33,11.32
605,jardim,92,br,1537851933,87,0.9616451383123774,-35.60020542722239,70.98,5.39
606,douentza,0,ml,1537851994,86,14.945487925524787,-2.6161262647115677,70.71,2.59
